1,https://github.com/PySimpleGUI/PySimpleGUI,ExtractedData/images/PySimpleGUI_1_1.png
1,https://github.com/PySimpleGUI/PySimpleGUI,ExtractedData/images/PySimpleGUI_1_2.png
1,https://github.com/PySimpleGUI/PySimpleGUI,ExtractedData/images/PySimpleGUI_1_3.png
1,https://github.com/PySimpleGUI/PySimpleGUI,ExtractedData/images/PySimpleGUI_1_4.jpg
1,https://github.com/PySimpleGUI/PySimpleGUI,ExtractedData/images/PySimpleGUI_1_5.jpg
1,https://github.com/PySimpleGUI/PySimpleGUI,ExtractedData/images/PySimpleGUI_1_6.jpg
1,https://github.com/PySimpleGUI/PySimpleGUI,ExtractedData/images/PySimpleGUI_1_7.png
1,https://github.com/PySimpleGUI/PySimpleGUI,ExtractedData/images/PySimpleGUI_1_8.png
1,https://github.com/PySimpleGUI/PySimpleGUI,ExtractedData/images/PySimpleGUI_1_9.png
1,https://github.com/PySimpleGUI/PySimpleGUI,ExtractedData/images/PySimpleGUI_1_10.png
1,https://github.com/PySimpleGUI/PySimpleGUI,ExtractedData/images/PySimpleGUI_1_11.jpg
1,https://github.com/PySimpleGUI/PySimpleGUI,ExtractedData/images/PySimpleGUI_1_12.jpg
1,https://github.com/PySimpleGUI/PySimpleGUI,ExtractedData/images/PySimpleGUI_1_13.png
1,https://github.com/PySimpleGUI/PySimpleGUI,ExtractedData/images/PySimpleGUI_1_14.jpg
1,https://github.com/PySimpleGUI/PySimpleGUI,ExtractedData/images/PySimpleGUI_1_15.jpg
1,https://github.com/PySimpleGUI/PySimpleGUI,ExtractedData/images/PySimpleGUI_1_16.jpg
1,https://github.com/PySimpleGUI/PySimpleGUI,ExtractedData/images/PySimpleGUI_1_17.jpg
1,https://github.com/PySimpleGUI/PySimpleGUI,ExtractedData/images/PySimpleGUI_1_18.jpg
1,https://github.com/PySimpleGUI/PySimpleGUI,ExtractedData/images/PySimpleGUI_1_19.jpg
1,https://github.com/PySimpleGUI/PySimpleGUI,ExtractedData/images/PySimpleGUI_1_20.png
1,https://github.com/PySimpleGUI/PySimpleGUI,ExtractedData/images/PySimpleGUI_1_21.png
1,https://github.com/PySimpleGUI/PySimpleGUI,ExtractedData/images/PySimpleGUI_1_22.png
1,https://github.com/PySimpleGUI/PySimpleGUI,ExtractedData/images/PySimpleGUI_1_23.png
1,https://github.com/PySimpleGUI/PySimpleGUI,ExtractedData/images/PySimpleGUI_1_24.png
1,https://github.com/PySimpleGUI/PySimpleGUI,ExtractedData/images/PySimpleGUI_1_25.png
1,https://github.com/PySimpleGUI/PySimpleGUI,ExtractedData/images/PySimpleGUI_1_26.png
1,https://github.com/PySimpleGUI/PySimpleGUI,ExtractedData/images/PySimpleGUI_1_27.jpg
1,https://github.com/PySimpleGUI/PySimpleGUI,ExtractedData/images/PySimpleGUI_1_28.jpg
1,https://github.com/PySimpleGUI/PySimpleGUI,ExtractedData/images/PySimpleGUI_1_29.jpg
1,https://github.com/PySimpleGUI/PySimpleGUI,ExtractedData/images/PySimpleGUI_1_30.jpg
1,https://github.com/PySimpleGUI/PySimpleGUI,ExtractedData/images/PySimpleGUI_1_31.jpg
1,https://github.com/PySimpleGUI/PySimpleGUI,ExtractedData/images/PySimpleGUI_1_32.jpg
1,https://github.com/PySimpleGUI/PySimpleGUI,ExtractedData/images/PySimpleGUI_1_33.jpg
1,https://github.com/PySimpleGUI/PySimpleGUI,ExtractedData/images/PySimpleGUI_1_34.jpg
1,https://github.com/PySimpleGUI/PySimpleGUI,ExtractedData/images/PySimpleGUI_1_35.jpg
1,https://github.com/PySimpleGUI/PySimpleGUI,ExtractedData/images/PySimpleGUI_1_36.jpg
1,https://github.com/PySimpleGUI/PySimpleGUI,ExtractedData/images/PySimpleGUI_1_37.jpg
1,https://github.com/PySimpleGUI/PySimpleGUI,ExtractedData/images/PySimpleGUI_1_38.jpg
1,https://github.com/PySimpleGUI/PySimpleGUI,ExtractedData/images/PySimpleGUI_1_39.jpg
1,https://github.com/PySimpleGUI/PySimpleGUI,ExtractedData/images/PySimpleGUI_1_40.jpg
1,https://github.com/PySimpleGUI/PySimpleGUI,ExtractedData/images/PySimpleGUI_1_41.jpg
1,https://github.com/PySimpleGUI/PySimpleGUI,ExtractedData/images/PySimpleGUI_1_42.gif
1,https://github.com/PySimpleGUI/PySimpleGUI,ExtractedData/images/PySimpleGUI_1_43.jpg
1,https://github.com/PySimpleGUI/PySimpleGUI,ExtractedData/images/PySimpleGUI_1_44.jpg
1,https://github.com/PySimpleGUI/PySimpleGUI,ExtractedData/images/PySimpleGUI_1_45.JPG
1,https://github.com/PySimpleGUI/PySimpleGUI,ExtractedData/images/PySimpleGUI_1_46.JPG
1,https://github.com/PySimpleGUI/PySimpleGUI,ExtractedData/images/PySimpleGUI_1_47.JPG
1,https://github.com/PySimpleGUI/PySimpleGUI,ExtractedData/images/PySimpleGUI_1_48.JPG
1,https://github.com/PySimpleGUI/PySimpleGUI,ExtractedData/images/PySimpleGUI_1_49.JPG
1,https://github.com/PySimpleGUI/PySimpleGUI,ExtractedData/images/PySimpleGUI_1_50.JPG
1,https://github.com/PySimpleGUI/PySimpleGUI,ExtractedData/images/PySimpleGUI_1_51.png
1,https://github.com/PySimpleGUI/PySimpleGUI,ExtractedData/images/PySimpleGUI_1_52.png
1,https://github.com/PySimpleGUI/PySimpleGUI,ExtractedData/images/PySimpleGUI_1_53.png
1,https://github.com/PySimpleGUI/PySimpleGUI,ExtractedData/images/PySimpleGUI_1_54.jpg
1,https://github.com/PySimpleGUI/PySimpleGUI,ExtractedData/images/PySimpleGUI_1_55.png
1,https://github.com/PySimpleGUI/PySimpleGUI,ExtractedData/images/PySimpleGUI_1_56.jpg
1,https://github.com/PySimpleGUI/PySimpleGUI,ExtractedData/images/PySimpleGUI_1_57.jpg
1,https://github.com/PySimpleGUI/PySimpleGUI,ExtractedData/images/PySimpleGUI_1_58.png
1,https://github.com/PySimpleGUI/PySimpleGUI,ExtractedData/images/PySimpleGUI_1_59.png
1,https://github.com/PySimpleGUI/PySimpleGUI,ExtractedData/images/PySimpleGUI_1_60.png
1,https://github.com/PySimpleGUI/PySimpleGUI,ExtractedData/images/PySimpleGUI_1_61.jpg
1,https://github.com/PySimpleGUI/PySimpleGUI,ExtractedData/images/PySimpleGUI_1_62.jpg
1,https://github.com/PySimpleGUI/PySimpleGUI,ExtractedData/images/PySimpleGUI_1_63.jpg
1,https://github.com/PySimpleGUI/PySimpleGUI,ExtractedData/images/PySimpleGUI_1_64.jpg
1,https://github.com/PySimpleGUI/PySimpleGUI,ExtractedData/images/PySimpleGUI_1_65.jpg
1,https://github.com/PySimpleGUI/PySimpleGUI,ExtractedData/images/PySimpleGUI_1_66.jpg
1,https://github.com/PySimpleGUI/PySimpleGUI,ExtractedData/images/PySimpleGUI_1_67.jpg
1,https://github.com/PySimpleGUI/PySimpleGUI,ExtractedData/images/PySimpleGUI_1_68.jpg
1,https://github.com/PySimpleGUI/PySimpleGUI,ExtractedData/images/PySimpleGUI_1_69.jpg
1,https://github.com/PySimpleGUI/PySimpleGUI,ExtractedData/images/PySimpleGUI_1_70.jpg
1,https://github.com/PySimpleGUI/PySimpleGUI,ExtractedData/images/PySimpleGUI_1_71.jpg
1,https://github.com/PySimpleGUI/PySimpleGUI,ExtractedData/images/PySimpleGUI_1_72.jpg
1,https://github.com/PySimpleGUI/PySimpleGUI,ExtractedData/images/PySimpleGUI_1_73.jpg
1,https://github.com/PySimpleGUI/PySimpleGUI,ExtractedData/images/PySimpleGUI_1_74.jpg
1,https://github.com/PySimpleGUI/PySimpleGUI,ExtractedData/images/PySimpleGUI_1_75.png
1,https://github.com/PySimpleGUI/PySimpleGUI,ExtractedData/images/PySimpleGUI_1_76.gif
1,https://github.com/PySimpleGUI/PySimpleGUI,ExtractedData/images/PySimpleGUI_1_77.jpg
1,https://github.com/PySimpleGUI/PySimpleGUI,ExtractedData/images/PySimpleGUI_1_78.jpg
1,https://github.com/PySimpleGUI/PySimpleGUI,ExtractedData/images/PySimpleGUI_1_79.jpg
1,https://github.com/PySimpleGUI/PySimpleGUI,ExtractedData/images/PySimpleGUI_1_80.jpg
1,https://github.com/PySimpleGUI/PySimpleGUI,ExtractedData/images/PySimpleGUI_1_81.jpg
1,https://github.com/PySimpleGUI/PySimpleGUI,ExtractedData/images/PySimpleGUI_1_82.jpg
1,https://github.com/PySimpleGUI/PySimpleGUI,ExtractedData/images/PySimpleGUI_1_83.jpg
1,https://github.com/PySimpleGUI/PySimpleGUI,ExtractedData/images/PySimpleGUI_1_84.jpg
1,https://github.com/PySimpleGUI/PySimpleGUI,ExtractedData/images/PySimpleGUI_1_85.jpg
1,https://github.com/PySimpleGUI/PySimpleGUI,ExtractedData/images/PySimpleGUI_1_86.jpg
1,https://github.com/PySimpleGUI/PySimpleGUI,ExtractedData/images/PySimpleGUI_1_87.gif
1,https://github.com/PySimpleGUI/PySimpleGUI,ExtractedData/images/PySimpleGUI_1_88.jpg
1,https://github.com/PySimpleGUI/PySimpleGUI,ExtractedData/images/PySimpleGUI_1_89.jpg
1,https://github.com/PySimpleGUI/PySimpleGUI,ExtractedData/images/PySimpleGUI_1_90.jpg
1,https://github.com/PySimpleGUI/PySimpleGUI,ExtractedData/images/PySimpleGUI_1_91.jpg
1,https://github.com/PySimpleGUI/PySimpleGUI,ExtractedData/images/PySimpleGUI_1_92.jpg
1,https://github.com/PySimpleGUI/PySimpleGUI,ExtractedData/images/PySimpleGUI_1_93.png
1,https://github.com/PySimpleGUI/PySimpleGUI,ExtractedData/images/PySimpleGUI_1_94.jpg
1,https://github.com/PySimpleGUI/PySimpleGUI,ExtractedData/images/PySimpleGUI_1_95.jpg
1,https://github.com/PySimpleGUI/PySimpleGUI,ExtractedData/images/PySimpleGUI_1_96.jpg
1,https://github.com/PySimpleGUI/PySimpleGUI,ExtractedData/images/PySimpleGUI_1_97.gif
1,https://github.com/PySimpleGUI/PySimpleGUI,ExtractedData/images/PySimpleGUI_1_98.jpg
1,https://github.com/PySimpleGUI/PySimpleGUI,ExtractedData/images/PySimpleGUI_1_99.jpg
1,https://github.com/PySimpleGUI/PySimpleGUI,ExtractedData/images/PySimpleGUI_1_100.jpg
1,https://github.com/PySimpleGUI/PySimpleGUI,ExtractedData/images/PySimpleGUI_1_101.jpg
1,https://github.com/PySimpleGUI/PySimpleGUI,ExtractedData/images/PySimpleGUI_1_102.jpg
1,https://github.com/PySimpleGUI/PySimpleGUI,ExtractedData/images/PySimpleGUI_1_103.png
1,https://github.com/PySimpleGUI/PySimpleGUI,ExtractedData/images/PySimpleGUI_1_104.jpg
1,https://github.com/PySimpleGUI/PySimpleGUI,ExtractedData/images/PySimpleGUI_1_105.jpg
1,https://github.com/PySimpleGUI/PySimpleGUI,ExtractedData/images/PySimpleGUI_1_106.jpg
1,https://github.com/PySimpleGUI/PySimpleGUI,ExtractedData/images/PySimpleGUI_1_107.jpg
1,https://github.com/PySimpleGUI/PySimpleGUI,ExtractedData/images/PySimpleGUI_1_108.png
1,https://github.com/PySimpleGUI/PySimpleGUI,ExtractedData/images/PySimpleGUI_1_109.png
1,https://github.com/PySimpleGUI/PySimpleGUI,ExtractedData/images/PySimpleGUI_1_110.jpg
1,https://github.com/PySimpleGUI/PySimpleGUI,ExtractedData/images/PySimpleGUI_1_111.jpg
1,https://github.com/PySimpleGUI/PySimpleGUI,ExtractedData/images/PySimpleGUI_1_112.jpg
1,https://github.com/PySimpleGUI/PySimpleGUI,ExtractedData/images/PySimpleGUI_1_113.jpg
1,https://github.com/PySimpleGUI/PySimpleGUI,ExtractedData/images/PySimpleGUI_1_114.jpg
1,https://github.com/PySimpleGUI/PySimpleGUI,ExtractedData/images/PySimpleGUI_1_115.jpg
1,https://github.com/PySimpleGUI/PySimpleGUI,ExtractedData/images/PySimpleGUI_1_116.jpg
1,https://github.com/PySimpleGUI/PySimpleGUI,ExtractedData/images/PySimpleGUI_1_117.jpg
1,https://github.com/PySimpleGUI/PySimpleGUI,ExtractedData/images/PySimpleGUI_1_118.jpg
2,https://github.com/nngogol/PySimpleGUIDesigner,ExtractedData/images/PySimpleGUIDesigner_2_1.gif
3,https://github.com/PySimpleGUI/PySimpleGUI-YOLO,ExtractedData/images/PySimpleGUI-YOLO_3_1.png
3,https://github.com/PySimpleGUI/PySimpleGUI-YOLO,ExtractedData/images/PySimpleGUI-YOLO_3_2.jpg
3,https://github.com/PySimpleGUI/PySimpleGUI-YOLO,ExtractedData/images/PySimpleGUI-YOLO_3_3.gif
4,https://github.com/PySimpleGUI/PySimpleGUI-Photo-Colorizer,ExtractedData/images/PySimpleGUI-Photo-Colorizer_4_1.png
4,https://github.com/PySimpleGUI/PySimpleGUI-Photo-Colorizer,ExtractedData/images/PySimpleGUI-Photo-Colorizer_4_2.jpg
4,https://github.com/PySimpleGUI/PySimpleGUI-Photo-Colorizer,ExtractedData/images/PySimpleGUI-Photo-Colorizer_4_3.jpg
4,https://github.com/PySimpleGUI/PySimpleGUI-Photo-Colorizer,ExtractedData/images/PySimpleGUI-Photo-Colorizer_4_4.jpg
4,https://github.com/PySimpleGUI/PySimpleGUI-Photo-Colorizer,ExtractedData/images/PySimpleGUI-Photo-Colorizer_4_5.jpg
4,https://github.com/PySimpleGUI/PySimpleGUI-Photo-Colorizer,ExtractedData/images/PySimpleGUI-Photo-Colorizer_4_6.jpg
4,https://github.com/PySimpleGUI/PySimpleGUI-Photo-Colorizer,ExtractedData/images/PySimpleGUI-Photo-Colorizer_4_7.jpg
4,https://github.com/PySimpleGUI/PySimpleGUI-Photo-Colorizer,ExtractedData/images/PySimpleGUI-Photo-Colorizer_4_8.jpg
5,https://github.com/PySimpleGUI/PySimpleGUI-COVID19,ExtractedData/images/PySimpleGUI-COVID19_5_1.jpg
5,https://github.com/PySimpleGUI/PySimpleGUI-COVID19,ExtractedData/images/PySimpleGUI-COVID19_5_2.png
5,https://github.com/PySimpleGUI/PySimpleGUI-COVID19,ExtractedData/images/PySimpleGUI-COVID19_5_3.jpg
5,https://github.com/PySimpleGUI/PySimpleGUI-COVID19,ExtractedData/images/PySimpleGUI-COVID19_5_4.png
5,https://github.com/PySimpleGUI/PySimpleGUI-COVID19,ExtractedData/images/PySimpleGUI-COVID19_5_5.jpg
5,https://github.com/PySimpleGUI/PySimpleGUI-COVID19,ExtractedData/images/PySimpleGUI-COVID19_5_6.jpg
5,https://github.com/PySimpleGUI/PySimpleGUI-COVID19,ExtractedData/images/PySimpleGUI-COVID19_5_7.jpg
5,https://github.com/PySimpleGUI/PySimpleGUI-COVID19,ExtractedData/images/PySimpleGUI-COVID19_5_8.jpg
5,https://github.com/PySimpleGUI/PySimpleGUI-COVID19,ExtractedData/images/PySimpleGUI-COVID19_5_9.jpg
5,https://github.com/PySimpleGUI/PySimpleGUI-COVID19,ExtractedData/images/PySimpleGUI-COVID19_5_10.jpg
5,https://github.com/PySimpleGUI/PySimpleGUI-COVID19,ExtractedData/images/PySimpleGUI-COVID19_5_11.gif
5,https://github.com/PySimpleGUI/PySimpleGUI-COVID19,ExtractedData/images/PySimpleGUI-COVID19_5_12.jpg
6,https://github.com/john144/MultiThreading,
7,https://github.com/pyIDM/PyIDM,ExtractedData/images/PyIDM_7_1.gif
7,https://github.com/pyIDM/PyIDM,ExtractedData/images/PyIDM_7_2.PNG
7,https://github.com/pyIDM/PyIDM,ExtractedData/images/PyIDM_7_3.PNG
7,https://github.com/pyIDM/PyIDM,ExtractedData/images/PyIDM_7_4.PNG
7,https://github.com/pyIDM/PyIDM,ExtractedData/images/PyIDM_7_5.PNG
7,https://github.com/pyIDM/PyIDM,ExtractedData/images/PyIDM_7_6.PNG
7,https://github.com/pyIDM/PyIDM,ExtractedData/images/PyIDM_7_7.PNG
7,https://github.com/pyIDM/PyIDM,ExtractedData/images/PyIDM_7_8.PNG
7,https://github.com/pyIDM/PyIDM,ExtractedData/images/PyIDM_7_9.png
8,https://github.com/fsmosca/Python-Easy-Chess-GUI,
9,https://github.com/PySimpleGUI/PySimpleGUI-Widgets,ExtractedData/images/PySimpleGUI-Widgets_9_1.gif
9,https://github.com/PySimpleGUI/PySimpleGUI-Widgets,ExtractedData/images/PySimpleGUI-Widgets_9_2.jpg
9,https://github.com/PySimpleGUI/PySimpleGUI-Widgets,ExtractedData/images/PySimpleGUI-Widgets_9_3.gif
9,https://github.com/PySimpleGUI/PySimpleGUI-Widgets,ExtractedData/images/PySimpleGUI-Widgets_9_4.png
9,https://github.com/PySimpleGUI/PySimpleGUI-Widgets,ExtractedData/images/PySimpleGUI-Widgets_9_5.png
9,https://github.com/PySimpleGUI/PySimpleGUI-Widgets,ExtractedData/images/PySimpleGUI-Widgets_9_6.jpg
9,https://github.com/PySimpleGUI/PySimpleGUI-Widgets,ExtractedData/images/PySimpleGUI-Widgets_9_7.jpg
9,https://github.com/PySimpleGUI/PySimpleGUI-Widgets,ExtractedData/images/PySimpleGUI-Widgets_9_8.jpg
9,https://github.com/PySimpleGUI/PySimpleGUI-Widgets,ExtractedData/images/PySimpleGUI-Widgets_9_9.png
9,https://github.com/PySimpleGUI/PySimpleGUI-Widgets,ExtractedData/images/PySimpleGUI-Widgets_9_10.jpg
9,https://github.com/PySimpleGUI/PySimpleGUI-Widgets,ExtractedData/images/PySimpleGUI-Widgets_9_11.jpg
10,https://github.com/PySimpleGUI/PySimpleGUI-Reddit-Searcher,ExtractedData/images/PySimpleGUI-Reddit-Searcher_10_1.jpg
10,https://github.com/PySimpleGUI/PySimpleGUI-Reddit-Searcher,ExtractedData/images/PySimpleGUI-Reddit-Searcher_10_2.png
11,https://github.com/algonitish/SwissAlgoKnife,
12,https://github.com/israel-dryer/Notepad,ExtractedData/images/Notepad_12_1.png
12,https://github.com/israel-dryer/Notepad,ExtractedData/images/Notepad_12_2.png
12,https://github.com/israel-dryer/Notepad,ExtractedData/images/Notepad_12_3.png
12,https://github.com/israel-dryer/Notepad,ExtractedData/images/Notepad_12_4.png
13,https://github.com/ball13411/PySimpleGUI-Calculator,
14,https://github.com/israel-dryer/Animated-Popup,ExtractedData/images/Animated-Popup_14_1.py
14,https://github.com/israel-dryer/Animated-Popup,ExtractedData/images/Animated-Popup_14_2.gif
14,https://github.com/israel-dryer/Animated-Popup,ExtractedData/images/Animated-Popup_14_3.py
14,https://github.com/israel-dryer/Animated-Popup,ExtractedData/images/Animated-Popup_14_4.gif
14,https://github.com/israel-dryer/Animated-Popup,ExtractedData/images/Animated-Popup_14_5.py
14,https://github.com/israel-dryer/Animated-Popup,ExtractedData/images/Animated-Popup_14_6.gif
14,https://github.com/israel-dryer/Animated-Popup,ExtractedData/images/Animated-Popup_14_7.py
14,https://github.com/israel-dryer/Animated-Popup,ExtractedData/images/Animated-Popup_14_8.gif
15,https://github.com/israel-dryer/PyDataMath-II,ExtractedData/images/PyDataMath-II_15_1.PNG
15,https://github.com/israel-dryer/PyDataMath-II,ExtractedData/images/PyDataMath-II_15_2.PNG
16,https://github.com/nngogol/async-desktop-chat,ExtractedData/images/async-desktop-chat_16_1.gif
16,https://github.com/nngogol/async-desktop-chat,ExtractedData/images/async-desktop-chat_16_2.jpg
16,https://github.com/nngogol/async-desktop-chat,ExtractedData/images/async-desktop-chat_16_3.png
16,https://github.com/nngogol/async-desktop-chat,ExtractedData/images/async-desktop-chat_16_4.png
16,https://github.com/nngogol/async-desktop-chat,ExtractedData/images/async-desktop-chat_16_5.png
16,https://github.com/nngogol/async-desktop-chat,ExtractedData/images/async-desktop-chat_16_6.png
16,https://github.com/nngogol/async-desktop-chat,ExtractedData/images/async-desktop-chat_16_7.png
16,https://github.com/nngogol/async-desktop-chat,ExtractedData/images/async-desktop-chat_16_8.png
16,https://github.com/nngogol/async-desktop-chat,ExtractedData/images/async-desktop-chat_16_9.png
16,https://github.com/nngogol/async-desktop-chat,ExtractedData/images/async-desktop-chat_16_10.png
17,https://github.com/nngogol/PySimpleGUIDocGen,ExtractedData/images/PySimpleGUIDocGen_17_1.png
17,https://github.com/nngogol/PySimpleGUIDocGen,ExtractedData/images/PySimpleGUIDocGen_17_2.png
17,https://github.com/nngogol/PySimpleGUIDocGen,ExtractedData/images/PySimpleGUIDocGen_17_3.png
18,https://github.com/fsmosca/PgnToEpd,
19,https://github.com/shinysu/PySimpleGUI,
20,https://github.com/israel-dryer/Text-Code-Editor,ExtractedData/images/Text-Code-Editor_20_1.PNG
21,https://github.com/israel-dryer/Weather-App,ExtractedData/images/Weather-App_21_1.PNG
21,https://github.com/israel-dryer/Weather-App,ExtractedData/images/Weather-App_21_2.PNG
22,https://github.com/definite-d/PSG-LookyFeely,
23,https://github.com/DonnC/RabbitGUI,ExtractedData/images/RabbitGUI_23_1.gif
23,https://github.com/DonnC/RabbitGUI,ExtractedData/images/RabbitGUI_23_2.png
23,https://github.com/DonnC/RabbitGUI,ExtractedData/images/RabbitGUI_23_3.png
23,https://github.com/DonnC/RabbitGUI,ExtractedData/images/RabbitGUI_23_4.png
24,https://github.com/Jhonatan-de-Souza/8ProjetosEmPython,
25,https://github.com/zdivdev/ezWxPython,
26,https://github.com/SuperMechaDeathChrist/SimpleKivy,ExtractedData/images/SimpleKivy_26_1.PNG
26,https://github.com/SuperMechaDeathChrist/SimpleKivy,ExtractedData/images/SimpleKivy_26_2.png
27,https://github.com/jorgepiloto/porkchop_widget,ExtractedData/images/porkchop_widget_27_1.png
28,https://github.com/ienaga045/three_color_epaper,ExtractedData/images/three_color_epaper_28_1.gif
28,https://github.com/ienaga045/three_color_epaper,ExtractedData/images/three_color_epaper_28_2.png
28,https://github.com/ienaga045/three_color_epaper,ExtractedData/images/three_color_epaper_28_3.jpg
28,https://github.com/ienaga045/three_color_epaper,ExtractedData/images/three_color_epaper_28_4.jpg
29,https://github.com/jglatts/scrap-gui,ExtractedData/images/scrap-gui_29_1.png
29,https://github.com/jglatts/scrap-gui,ExtractedData/images/scrap-gui_29_2.png
29,https://github.com/jglatts/scrap-gui,ExtractedData/images/scrap-gui_29_3.png
30,https://github.com/Venefy/vkr_but_in_py,
31,https://github.com/ienaga045/three_color_epaper,ExtractedData/images/three_color_epaper_31_1.gif
31,https://github.com/ienaga045/three_color_epaper,ExtractedData/images/three_color_epaper_31_2.png
31,https://github.com/ienaga045/three_color_epaper,ExtractedData/images/three_color_epaper_31_3.jpg
31,https://github.com/ienaga045/three_color_epaper,ExtractedData/images/three_color_epaper_31_4.jpg
32,https://github.com/imlayt/csv2sqlite-gui,
33,https://github.com/nutchun/PySimpleCalculator,
34,https://github.com/Carb0nbas3d/Captcha,ExtractedData/images/Captcha_34_1.png
35,https://github.com/fengredrum/tiny-gif-converter,ExtractedData/images/tiny-gif-converter_35_1.png
35,https://github.com/fengredrum/tiny-gif-converter,ExtractedData/images/tiny-gif-converter_35_2.png
35,https://github.com/fengredrum/tiny-gif-converter,ExtractedData/images/tiny-gif-converter_35_3.png
35,https://github.com/fengredrum/tiny-gif-converter,ExtractedData/images/tiny-gif-converter_35_4.png
35,https://github.com/fengredrum/tiny-gif-converter,ExtractedData/images/tiny-gif-converter_35_5.gif
36,https://github.com/meetmonisha/Desktop-app-using-PySimpleGUI,
37,https://github.com/PySimpleGUI/PySimpleGUI-Base64-Encoder,ExtractedData/images/PySimpleGUI-Base64-Encoder_37_1.png
37,https://github.com/PySimpleGUI/PySimpleGUI-Base64-Encoder,ExtractedData/images/PySimpleGUI-Base64-Encoder_37_2.png
37,https://github.com/PySimpleGUI/PySimpleGUI-Base64-Encoder,ExtractedData/images/PySimpleGUI-Base64-Encoder_37_3.png
37,https://github.com/PySimpleGUI/PySimpleGUI-Base64-Encoder,ExtractedData/images/PySimpleGUI-Base64-Encoder_37_4.png
38,https://github.com/wansho/Pomodoro-PySimpleGUI,ExtractedData/images/Pomodoro-PySimpleGUI_38_1.png
38,https://github.com/wansho/Pomodoro-PySimpleGUI,ExtractedData/images/Pomodoro-PySimpleGUI_38_2.png
39,https://github.com/cheirodgato/Loans-management,ExtractedData/images/Loans-management_39_1.png
40,https://github.com/Yannik-Minichbauer/Adventure-Game,ExtractedData/images/Adventure-Game_40_1.png
41,https://github.com/Otherion/RPG-Status-Window,
42,https://github.com/cailaixiu/cailaixiu,
43,https://github.com/poschananT/CalculatorPySimpleGUI_6001012620033,
44,https://github.com/CleoMenezes/Jo-ken-po-PySimpleGUI,
45,https://github.com/ydissac/ypycalcy,
46,https://github.com/navichicken/pysimplegui,
47,https://github.com/jhonathascesar232/cpf-checker-com-PySimpleGUI,
48,https://github.com/smitsgit/pysimplegui,ExtractedData/images/pysimplegui_48_1.png
49,https://github.com/mikendiba/pysimplegui,
50,https://github.com/omerdagan84/pysimplegui,
51,https://github.com/BRonen/notepyd,
52,https://github.com/PySimpleGUI/PySimpleGUI-Rainmeter-CPU-Cores,ExtractedData/images/PySimpleGUI-Rainmeter-CPU-Cores_52_1.gif
52,https://github.com/PySimpleGUI/PySimpleGUI-Rainmeter-CPU-Cores,ExtractedData/images/PySimpleGUI-Rainmeter-CPU-Cores_52_2.jpg
52,https://github.com/PySimpleGUI/PySimpleGUI-Rainmeter-CPU-Cores,ExtractedData/images/PySimpleGUI-Rainmeter-CPU-Cores_52_3.png
53,https://github.com/otolaa/Tkinter,ExtractedData/images/Tkinter_53_1.jpg
53,https://github.com/otolaa/Tkinter,ExtractedData/images/Tkinter_53_2.jpg
53,https://github.com/otolaa/Tkinter,ExtractedData/images/Tkinter_53_3.jpg
53,https://github.com/otolaa/Tkinter,ExtractedData/images/Tkinter_53_4.jpg
53,https://github.com/otolaa/Tkinter,ExtractedData/images/Tkinter_53_5.jpg
53,https://github.com/otolaa/Tkinter,ExtractedData/images/Tkinter_53_6.jpg
53,https://github.com/otolaa/Tkinter,ExtractedData/images/Tkinter_53_7.jpg
54,https://github.com/kevindtimm/pysimplegui,
55,https://github.com/jason990420/PySimpleGUI-Projects,ExtractedData/images/PySimpleGUI-Projects_55_1.jpg
55,https://github.com/jason990420/PySimpleGUI-Projects,ExtractedData/images/PySimpleGUI-Projects_55_2.jpg
55,https://github.com/jason990420/PySimpleGUI-Projects,ExtractedData/images/PySimpleGUI-Projects_55_3.jpg
55,https://github.com/jason990420/PySimpleGUI-Projects,ExtractedData/images/PySimpleGUI-Projects_55_4.jpg
55,https://github.com/jason990420/PySimpleGUI-Projects,ExtractedData/images/PySimpleGUI-Projects_55_5.jpg
55,https://github.com/jason990420/PySimpleGUI-Projects,ExtractedData/images/PySimpleGUI-Projects_55_6.jpg
56,https://github.com/marceloluap/minimundo,
57,https://github.com/ozone94/Calculator_PySimpleGUI,
58,https://github.com/saharul/csa_ver3,
59,https://github.com/denisousa/first-gui-python,
60,https://github.com/sedir/agenda_de_contatos,
61,https://github.com/Malyaj/ml_GUI,
62,https://github.com/dustydevelops/aTransparenUsertInterface,
63,https://github.com/Ines-Schnabl/super_Lernspiel,
64,https://github.com/Sreedeep-SS/PySimpleGUI,
65,https://github.com/oktl/DogYears,ExtractedData/images/DogYears_65_1.JPG
66,https://github.com/BelmiroMungoi/PySimpleGui,
67,https://github.com/israel-dryer/User-Login-GUI,ExtractedData/images/User-Login-GUI_67_1.PNG
67,https://github.com/israel-dryer/User-Login-GUI,ExtractedData/images/User-Login-GUI_67_2.PNG
67,https://github.com/israel-dryer/User-Login-GUI,ExtractedData/images/User-Login-GUI_67_3.PNG
67,https://github.com/israel-dryer/User-Login-GUI,ExtractedData/images/User-Login-GUI_67_4.PNG
67,https://github.com/israel-dryer/User-Login-GUI,ExtractedData/images/User-Login-GUI_67_5.PNG
68,https://github.com/everttonbs/PySimpleGUI,
69,https://github.com/AlphaArc/PySimpleGUI,
70,https://github.com/JeanB762/PySimpleGUI,
71,https://github.com/HathemAhmed/PySimpleGUI,
72,https://github.com/mason-landry/pysimplegui_projects,
73,https://github.com/ejjimenezc/PySimpleGUI,
74,https://github.com/beratbayram/pysimplegui-memory-game,
75,https://github.com/msjones3/intro_pysimplegui,ExtractedData/images/intro_pysimplegui_75_1.png
76,https://github.com/bkdwei/pySimpleGuiExample,
77,https://github.com/irvingbennett/PySimpleGUI,
78,https://github.com/gc-pereira/pysimpleGUI,
79,https://github.com/trubel1/PySimpleGUI,ExtractedData/images/PySimpleGUI_79_1.png
79,https://github.com/trubel1/PySimpleGUI,ExtractedData/images/PySimpleGUI_79_2.png
79,https://github.com/trubel1/PySimpleGUI,ExtractedData/images/PySimpleGUI_79_3.png
79,https://github.com/trubel1/PySimpleGUI,ExtractedData/images/PySimpleGUI_79_4.jpg
79,https://github.com/trubel1/PySimpleGUI,ExtractedData/images/PySimpleGUI_79_5.jpg
79,https://github.com/trubel1/PySimpleGUI,ExtractedData/images/PySimpleGUI_79_6.jpg
79,https://github.com/trubel1/PySimpleGUI,ExtractedData/images/PySimpleGUI_79_7.png
79,https://github.com/trubel1/PySimpleGUI,ExtractedData/images/PySimpleGUI_79_8.png
79,https://github.com/trubel1/PySimpleGUI,ExtractedData/images/PySimpleGUI_79_9.png
79,https://github.com/trubel1/PySimpleGUI,ExtractedData/images/PySimpleGUI_79_10.png
79,https://github.com/trubel1/PySimpleGUI,ExtractedData/images/PySimpleGUI_79_11.jpg
79,https://github.com/trubel1/PySimpleGUI,ExtractedData/images/PySimpleGUI_79_12.jpg
79,https://github.com/trubel1/PySimpleGUI,ExtractedData/images/PySimpleGUI_79_13.png
79,https://github.com/trubel1/PySimpleGUI,ExtractedData/images/PySimpleGUI_79_14.jpg
79,https://github.com/trubel1/PySimpleGUI,ExtractedData/images/PySimpleGUI_79_15.jpg
79,https://github.com/trubel1/PySimpleGUI,ExtractedData/images/PySimpleGUI_79_16.jpg
79,https://github.com/trubel1/PySimpleGUI,ExtractedData/images/PySimpleGUI_79_17.jpg
79,https://github.com/trubel1/PySimpleGUI,ExtractedData/images/PySimpleGUI_79_18.jpg
79,https://github.com/trubel1/PySimpleGUI,ExtractedData/images/PySimpleGUI_79_19.jpg
79,https://github.com/trubel1/PySimpleGUI,ExtractedData/images/PySimpleGUI_79_20.png
79,https://github.com/trubel1/PySimpleGUI,ExtractedData/images/PySimpleGUI_79_21.png
79,https://github.com/trubel1/PySimpleGUI,ExtractedData/images/PySimpleGUI_79_22.png
79,https://github.com/trubel1/PySimpleGUI,ExtractedData/images/PySimpleGUI_79_23.png
79,https://github.com/trubel1/PySimpleGUI,ExtractedData/images/PySimpleGUI_79_24.png
79,https://github.com/trubel1/PySimpleGUI,ExtractedData/images/PySimpleGUI_79_25.png
79,https://github.com/trubel1/PySimpleGUI,ExtractedData/images/PySimpleGUI_79_26.png
79,https://github.com/trubel1/PySimpleGUI,ExtractedData/images/PySimpleGUI_79_27.jpg
79,https://github.com/trubel1/PySimpleGUI,ExtractedData/images/PySimpleGUI_79_28.jpg
79,https://github.com/trubel1/PySimpleGUI,ExtractedData/images/PySimpleGUI_79_29.jpg
79,https://github.com/trubel1/PySimpleGUI,ExtractedData/images/PySimpleGUI_79_30.jpg
79,https://github.com/trubel1/PySimpleGUI,ExtractedData/images/PySimpleGUI_79_31.jpg
79,https://github.com/trubel1/PySimpleGUI,ExtractedData/images/PySimpleGUI_79_32.jpg
79,https://github.com/trubel1/PySimpleGUI,ExtractedData/images/PySimpleGUI_79_33.jpg
79,https://github.com/trubel1/PySimpleGUI,ExtractedData/images/PySimpleGUI_79_34.jpg
79,https://github.com/trubel1/PySimpleGUI,ExtractedData/images/PySimpleGUI_79_35.jpg
79,https://github.com/trubel1/PySimpleGUI,ExtractedData/images/PySimpleGUI_79_36.jpg
79,https://github.com/trubel1/PySimpleGUI,ExtractedData/images/PySimpleGUI_79_37.jpg
79,https://github.com/trubel1/PySimpleGUI,ExtractedData/images/PySimpleGUI_79_38.jpg
79,https://github.com/trubel1/PySimpleGUI,ExtractedData/images/PySimpleGUI_79_39.jpg
79,https://github.com/trubel1/PySimpleGUI,ExtractedData/images/PySimpleGUI_79_40.jpg
79,https://github.com/trubel1/PySimpleGUI,ExtractedData/images/PySimpleGUI_79_41.jpg
79,https://github.com/trubel1/PySimpleGUI,ExtractedData/images/PySimpleGUI_79_42.gif
79,https://github.com/trubel1/PySimpleGUI,ExtractedData/images/PySimpleGUI_79_43.jpg
79,https://github.com/trubel1/PySimpleGUI,ExtractedData/images/PySimpleGUI_79_44.jpg
79,https://github.com/trubel1/PySimpleGUI,ExtractedData/images/PySimpleGUI_79_45.JPG
79,https://github.com/trubel1/PySimpleGUI,ExtractedData/images/PySimpleGUI_79_46.JPG
79,https://github.com/trubel1/PySimpleGUI,ExtractedData/images/PySimpleGUI_79_47.JPG
79,https://github.com/trubel1/PySimpleGUI,ExtractedData/images/PySimpleGUI_79_48.JPG
79,https://github.com/trubel1/PySimpleGUI,ExtractedData/images/PySimpleGUI_79_49.JPG
79,https://github.com/trubel1/PySimpleGUI,ExtractedData/images/PySimpleGUI_79_50.JPG
79,https://github.com/trubel1/PySimpleGUI,ExtractedData/images/PySimpleGUI_79_51.png
79,https://github.com/trubel1/PySimpleGUI,ExtractedData/images/PySimpleGUI_79_52.png
79,https://github.com/trubel1/PySimpleGUI,ExtractedData/images/PySimpleGUI_79_53.png
79,https://github.com/trubel1/PySimpleGUI,ExtractedData/images/PySimpleGUI_79_54.jpg
79,https://github.com/trubel1/PySimpleGUI,ExtractedData/images/PySimpleGUI_79_55.png
79,https://github.com/trubel1/PySimpleGUI,ExtractedData/images/PySimpleGUI_79_56.jpg
79,https://github.com/trubel1/PySimpleGUI,ExtractedData/images/PySimpleGUI_79_57.jpg
79,https://github.com/trubel1/PySimpleGUI,ExtractedData/images/PySimpleGUI_79_58.png
79,https://github.com/trubel1/PySimpleGUI,ExtractedData/images/PySimpleGUI_79_59.png
79,https://github.com/trubel1/PySimpleGUI,ExtractedData/images/PySimpleGUI_79_60.png
79,https://github.com/trubel1/PySimpleGUI,ExtractedData/images/PySimpleGUI_79_61.jpg
79,https://github.com/trubel1/PySimpleGUI,ExtractedData/images/PySimpleGUI_79_62.jpg
79,https://github.com/trubel1/PySimpleGUI,ExtractedData/images/PySimpleGUI_79_63.jpg
79,https://github.com/trubel1/PySimpleGUI,ExtractedData/images/PySimpleGUI_79_64.jpg
79,https://github.com/trubel1/PySimpleGUI,ExtractedData/images/PySimpleGUI_79_65.jpg
79,https://github.com/trubel1/PySimpleGUI,ExtractedData/images/PySimpleGUI_79_66.jpg
79,https://github.com/trubel1/PySimpleGUI,ExtractedData/images/PySimpleGUI_79_67.jpg
79,https://github.com/trubel1/PySimpleGUI,ExtractedData/images/PySimpleGUI_79_68.jpg
79,https://github.com/trubel1/PySimpleGUI,ExtractedData/images/PySimpleGUI_79_69.jpg
79,https://github.com/trubel1/PySimpleGUI,ExtractedData/images/PySimpleGUI_79_70.png
79,https://github.com/trubel1/PySimpleGUI,ExtractedData/images/PySimpleGUI_79_71.gif
79,https://github.com/trubel1/PySimpleGUI,ExtractedData/images/PySimpleGUI_79_72.jpg
79,https://github.com/trubel1/PySimpleGUI,ExtractedData/images/PySimpleGUI_79_73.jpg
79,https://github.com/trubel1/PySimpleGUI,ExtractedData/images/PySimpleGUI_79_74.jpg
79,https://github.com/trubel1/PySimpleGUI,ExtractedData/images/PySimpleGUI_79_75.jpg
79,https://github.com/trubel1/PySimpleGUI,ExtractedData/images/PySimpleGUI_79_76.jpg
79,https://github.com/trubel1/PySimpleGUI,ExtractedData/images/PySimpleGUI_79_77.jpg
79,https://github.com/trubel1/PySimpleGUI,ExtractedData/images/PySimpleGUI_79_78.jpg
79,https://github.com/trubel1/PySimpleGUI,ExtractedData/images/PySimpleGUI_79_79.jpg
79,https://github.com/trubel1/PySimpleGUI,ExtractedData/images/PySimpleGUI_79_80.jpg
79,https://github.com/trubel1/PySimpleGUI,ExtractedData/images/PySimpleGUI_79_81.jpg
79,https://github.com/trubel1/PySimpleGUI,ExtractedData/images/PySimpleGUI_79_82.gif
79,https://github.com/trubel1/PySimpleGUI,ExtractedData/images/PySimpleGUI_79_83.jpg
79,https://github.com/trubel1/PySimpleGUI,ExtractedData/images/PySimpleGUI_79_84.jpg
79,https://github.com/trubel1/PySimpleGUI,ExtractedData/images/PySimpleGUI_79_85.jpg
79,https://github.com/trubel1/PySimpleGUI,ExtractedData/images/PySimpleGUI_79_86.jpg
79,https://github.com/trubel1/PySimpleGUI,ExtractedData/images/PySimpleGUI_79_87.jpg
79,https://github.com/trubel1/PySimpleGUI,ExtractedData/images/PySimpleGUI_79_88.png
79,https://github.com/trubel1/PySimpleGUI,ExtractedData/images/PySimpleGUI_79_89.jpg
79,https://github.com/trubel1/PySimpleGUI,ExtractedData/images/PySimpleGUI_79_90.jpg
79,https://github.com/trubel1/PySimpleGUI,ExtractedData/images/PySimpleGUI_79_91.jpg
79,https://github.com/trubel1/PySimpleGUI,ExtractedData/images/PySimpleGUI_79_92.gif
79,https://github.com/trubel1/PySimpleGUI,ExtractedData/images/PySimpleGUI_79_93.jpg
79,https://github.com/trubel1/PySimpleGUI,ExtractedData/images/PySimpleGUI_79_94.jpg
79,https://github.com/trubel1/PySimpleGUI,ExtractedData/images/PySimpleGUI_79_95.jpg
79,https://github.com/trubel1/PySimpleGUI,ExtractedData/images/PySimpleGUI_79_96.jpg
79,https://github.com/trubel1/PySimpleGUI,ExtractedData/images/PySimpleGUI_79_97.jpg
79,https://github.com/trubel1/PySimpleGUI,ExtractedData/images/PySimpleGUI_79_98.png
79,https://github.com/trubel1/PySimpleGUI,ExtractedData/images/PySimpleGUI_79_99.jpg
79,https://github.com/trubel1/PySimpleGUI,ExtractedData/images/PySimpleGUI_79_100.jpg
79,https://github.com/trubel1/PySimpleGUI,ExtractedData/images/PySimpleGUI_79_101.jpg
79,https://github.com/trubel1/PySimpleGUI,ExtractedData/images/PySimpleGUI_79_102.jpg
79,https://github.com/trubel1/PySimpleGUI,ExtractedData/images/PySimpleGUI_79_103.png
79,https://github.com/trubel1/PySimpleGUI,ExtractedData/images/PySimpleGUI_79_104.png
79,https://github.com/trubel1/PySimpleGUI,ExtractedData/images/PySimpleGUI_79_105.jpg
79,https://github.com/trubel1/PySimpleGUI,ExtractedData/images/PySimpleGUI_79_106.jpg
79,https://github.com/trubel1/PySimpleGUI,ExtractedData/images/PySimpleGUI_79_107.jpg
79,https://github.com/trubel1/PySimpleGUI,ExtractedData/images/PySimpleGUI_79_108.jpg
79,https://github.com/trubel1/PySimpleGUI,ExtractedData/images/PySimpleGUI_79_109.jpg
79,https://github.com/trubel1/PySimpleGUI,ExtractedData/images/PySimpleGUI_79_110.jpg
79,https://github.com/trubel1/PySimpleGUI,ExtractedData/images/PySimpleGUI_79_111.jpg
79,https://github.com/trubel1/PySimpleGUI,ExtractedData/images/PySimpleGUI_79_112.jpg
79,https://github.com/trubel1/PySimpleGUI,ExtractedData/images/PySimpleGUI_79_113.jpg
80,https://github.com/nngogol/table-generator,ExtractedData/images/table-generator_80_1.png
80,https://github.com/nngogol/table-generator,ExtractedData/images/table-generator_80_2.gif
80,https://github.com/nngogol/table-generator,ExtractedData/images/table-generator_80_3.gif
81,https://github.com/patrickowor/pysimplegui-djin,
82,https://github.com/tpercival01/calendar-pysimplegui,
83,https://github.com/welbur/pysimplegui-prj,
84,https://github.com/najasplus/match_language_game,
85,https://github.com/NathanKolbow/Simple-Chess-UI,
86,https://github.com/zi-ger/rabbit-chat,
87,https://github.com/VineethNatarajan/TextFileMerger,ExtractedData/images/TextFileMerger_87_1.jpg
88,https://github.com/lhayana/calculator-python,
89,https://github.com/ckallum/Sorting-Visualizer,
90,https://github.com/tensa2205/PyPlus-Diego-Borlandi,
91,https://github.com/Papito-hash/PySimpleGUI-Projects,
92,https://github.com/JackTomada95/Applications,
93,https://github.com/ckallum/Sorting-Visualizer,
94,https://github.com/tensa2205/PyPlus-Diego-Borlandi,
95,https://github.com/vohe/locales_gui,
96,https://github.com/heartcase/csv_input_uploader,
97,https://github.com/shinysu/Todo-list-using-PySimpleGUI-file,
98,https://github.com/royaleagle-dev/code-de-royale,
99,https://github.com/jglatts/test-simpleGUI,
100,https://github.com/MS-Jahan/PySimpleCalc,ExtractedData/images/PySimpleCalc_100_1.png
100,https://github.com/MS-Jahan/PySimpleCalc,ExtractedData/images/PySimpleCalc_100_2.png
101,https://github.com/Alleluid/PillowGuiTest,
102,https://github.com/xj0k/pyroboartim,
103,https://github.com/nilipta/pysimplegui-store-app,ExtractedData/images/pysimplegui-store-app_103_1.png
103,https://github.com/nilipta/pysimplegui-store-app,ExtractedData/images/pysimplegui-store-app_103_2.png
103,https://github.com/nilipta/pysimplegui-store-app,ExtractedData/images/pysimplegui-store-app_103_3.png
103,https://github.com/nilipta/pysimplegui-store-app,ExtractedData/images/pysimplegui-store-app_103_4.png
103,https://github.com/nilipta/pysimplegui-store-app,ExtractedData/images/pysimplegui-store-app_103_5.png
104,https://github.com/PySimpleGUI/ptoaster,ExtractedData/images/ptoaster_104_1.gif
104,https://github.com/PySimpleGUI/ptoaster,ExtractedData/images/ptoaster_104_2.jpg
104,https://github.com/PySimpleGUI/ptoaster,ExtractedData/images/ptoaster_104_3.jpg
104,https://github.com/PySimpleGUI/ptoaster,ExtractedData/images/ptoaster_104_4.jpg
104,https://github.com/PySimpleGUI/ptoaster,ExtractedData/images/ptoaster_104_5.jpg
104,https://github.com/PySimpleGUI/ptoaster,ExtractedData/images/ptoaster_104_6.jpg
104,https://github.com/PySimpleGUI/ptoaster,ExtractedData/images/ptoaster_104_7.jpg
104,https://github.com/PySimpleGUI/ptoaster,ExtractedData/images/ptoaster_104_8.jpg
104,https://github.com/PySimpleGUI/ptoaster,ExtractedData/images/ptoaster_104_9.jpg
104,https://github.com/PySimpleGUI/ptoaster,ExtractedData/images/ptoaster_104_10.png
105,https://github.com/platcloud/PysimpleGUI_demo,
106,https://github.com/Hug0Albert0/PySimpleGUI-exercises,
107,https://github.com/LaDuo/PySimpleGUI_Learn,
108,https://github.com/Vignesh424/PySimpleGUI2,
109,https://github.com/Frenz86/PySimpleGUIweb,
110,https://github.com/JohnyLex/opencv_pysimpleGUI,
111,https://github.com/Frenz86/PySimpleGUIweb,
112,https://github.com/JohnyLex/opencv_pysimpleGUI,
113,https://github.com/MKastelic/PySimpleGUI_Calculator,
114,https://github.com/blitzwolfz/PySimpleGUI-Calculator,
115,https://github.com/pauls1024/PySimpleGuiExample,
116,https://github.com/BRonen/pyculator,
117,https://github.com/Chalol/PySimpleGUI-Calculator,
118,https://github.com/okajun35/practice_pySimpleGUI,
119,https://github.com/Pepper-Wood/PySimpleGUI-Docs,
120,https://github.com/sophiasagan/PySimpleGui_guided,
121,https://github.com/ataho31016/Copier-PySimpleGUI,
122,https://github.com/danevd-TCD/Rapid-Labelling-Tool,ExtractedData/images/Rapid-Labelling-Tool_122_1.png
122,https://github.com/danevd-TCD/Rapid-Labelling-Tool,ExtractedData/images/Rapid-Labelling-Tool_122_2.png
122,https://github.com/danevd-TCD/Rapid-Labelling-Tool,ExtractedData/images/Rapid-Labelling-Tool_122_3.png
122,https://github.com/danevd-TCD/Rapid-Labelling-Tool,ExtractedData/images/Rapid-Labelling-Tool_122_4.png
123,https://github.com/israel-dryer/Color-Hunter,
124,https://github.com/sametz/PySimpleGUI_matplotlib_test,
125,https://github.com/toystory98/CALCULTOR-by-PySimpleGUI,
126,https://github.com/Gloveper/Calculator-with-PySimpleGUI,
127,https://github.com/LuigiBelanda/PySimpleGUI-InterfaceGrafica,
128,https://github.com/rayanneblima/Interface-com-PySimpleGUI,
129,https://github.com/Tindilp/Python-TP-PySimpleGUI,
130,https://github.com/bishoppython/PySimpleGUI---Exemplo-01,
131,https://github.com/VishnuDileesh/Youtube-Video-Downloader-App-pysimplegui,ExtractedData/images/Youtube-Video-Downloader-App-pysimplegui_131_1.png
132,https://github.com/iamgauravshukla/Python-Voice-Assistant--Text-Input-,
133,https://github.com/PWA-GouldA/PySimpleGUI-Port-Scanner,
134,https://github.com/Peopl3s/ForMatter,ExtractedData/images/ForMatter_134_1.PNG
135,https://github.com/kennedy-silva/dados-do-usuario-gui,
136,https://github.com/reflectivefish/smartnewsclassifier,
137,https://github.com/DevSean/PySimpleGUI-keep-on-top-Issue,ExtractedData/images/PySimpleGUI-keep-on-top-Issue_137_1.png
138,https://github.com/morrettidon/MyFirst-PySimpleGUI-App,
139,https://github.com/Journeyman92/converter,
140,https://github.com/manjha28/stock-predictor-with-gui,
141,https://github.com/iwuch/DOFCalculator,
142,https://github.com/morrettidon/MyFirst-PySimpleGUI-App,
143,https://github.com/ATBLightning/Ziam-see_From_PySimpleGUI,
144,https://github.com/Rshep3087/UselessFact-Generator,ExtractedData/images/UselessFact-Generator_144_1.png
145,https://github.com/AquamanRanda/ToDo-list-PySimpleGui,
146,https://github.com/alyssonmendes/jpg2pdf,
147,https://github.com/BenKhz/MuniTrax,
148,https://github.com/erok81/speak_and_spell,
149,https://github.com/CodePerson2/Video-Transitions,
150,https://github.com/maqndon/simpleDelayCalculator,
151,https://github.com/Allan3555/PySimpleGUI_TicTacToe,
152,https://github.com/henriklindgren/fah-control-2020,
153,https://github.com/joaosantanna/SimpleAgenda,
154,https://github.com/marshki/IPyPass,ExtractedData/images/IPyPass_154_1.png
155,https://github.com/Parathantl/tesseract_gui,
156,https://github.com/TonyJacb/Random-Match-Generator,ExtractedData/images/Random-Match-Generator_156_1.gif
157,https://github.com/zappfinger/OscCtcSound,
158,https://github.com/leovd100/Cadastro-de-clientes-com-Python-PySimpleGUI,
159,https://github.com/SondreKindem/PySimpleGUI-video-player-with-OpenCV,
160,https://github.com/hammy3502/superhot-vr-save-manager,
161,https://github.com/iforvard/SmiteLiveMatchCheck,ExtractedData/images/SmiteLiveMatchCheck_161_1.gif
162,https://github.com/kalvinter/apas,ExtractedData/images/apas_162_1.png
162,https://github.com/kalvinter/apas,ExtractedData/images/apas_162_2.png
162,https://github.com/kalvinter/apas,ExtractedData/images/apas_162_3.png
163,https://github.com/ienaga045/simple_binary_uart,
164,https://github.com/mbilalakmal/SimpleGA,
165,https://github.com/PitPietro/pythonGUI,
166,https://github.com/Renegade-Master/HardwareMegaSearch_v2,
167,https://github.com/meteorspectroscopy/FITS-image-viewer,ExtractedData/images/FITS-image-viewer_167_1.PNG
168,https://github.com/ravigupta-art/IgnouPercentageCalculator,ExtractedData/images/IgnouPercentageCalculator_168_1.png
169,https://github.com/Aron-HD/CMS-bot-GUI,ExtractedData/images/CMS-bot-GUI_169_1.JPG
169,https://github.com/Aron-HD/CMS-bot-GUI,ExtractedData/images/CMS-bot-GUI_169_2.JPG
169,https://github.com/Aron-HD/CMS-bot-GUI,ExtractedData/images/CMS-bot-GUI_169_3.JPG
170,https://github.com/harirakul/PyTunes,ExtractedData/images/PyTunes_170_1.png
171,https://github.com/vinniec/pysimpleregex,
172,https://github.com/digo-smithh/Consuelo-chatbot-Python,
173,https://github.com/EladCh/Computer-Security-Project,
174,https://github.com/kleitonv3/lotrys,
175,https://github.com/sevmarc/pysimple-news,
176,https://github.com/digital-witch/YT-DLER,
177,https://github.com/viktor02/gui_podcast_downloader,
178,https://github.com/An0ther0ne/PyCorners,ExtractedData/images/PyCorners_178_1.png
178,https://github.com/An0ther0ne/PyCorners,ExtractedData/images/PyCorners_178_2.png
178,https://github.com/An0ther0ne/PyCorners,ExtractedData/images/PyCorners_178_3.jpg
178,https://github.com/An0ther0ne/PyCorners,ExtractedData/images/PyCorners_178_4.png
178,https://github.com/An0ther0ne/PyCorners,ExtractedData/images/PyCorners_178_5.png
179,https://github.com/leiquanlong/Weather,
180,https://github.com/Akashamba/Todo-List-using-Database,
